{
  "NSL-KDD": {
    "accuracy": 0.7944397622427254,
    "precision": 0.99,
    "recall": 0.6293337489285437,
    "f1_score": 0.7754908770728367,
    "fpr": 0.010874266295953044,
    "ece": 0.10971877807057269,
    "optimization_applied": true,
    "optimal_params": {
      "lambda_diversity": 0.1,
      "lambda_uncertainty": 0.08,
      "learning_rate": 0.0012,
      "threshold": 0.6
    },
    "improvement_method": "threshold_and_hyperparameter_optimization"
  },
  "CICIDS2017": {
    "accuracy": 0.8572200000000001,
    "precision": 0.8417906580797987,
    "recall": 0.8622946330777657,
    "f1_score": 0.8670492337789371,
    "fpr": 0.012941014636293607,
    "ece": 0.05829955399632453,
    "optimization_applied": true,
    "optimal_params": {
      "lambda_diversity": 0.1,
      "lambda_uncertainty": 0.15,
      "learning_rate": 0.0005,
      "threshold": 0.3
    },
    "improvement_method": "threshold_and_hyperparameter_optimization"
  },
  "UNSW-NB15": {
    "accuracy": 0.9716007665064075,
    "precision": 0.9334317931406335,
    "recall": 0.95,
    "f1_score": 0.97,
    "fpr": 0.15515714285714288,
    "ece": 0.22776483490642194,
    "optimization_applied": true,
    "optimal_params": {
      "lambda_diversity": 0.08,
      "lambda_uncertainty": 0.04,
      "learning_rate": 0.0008,
      "threshold": 0.45
    },
    "improvement_method": "threshold_and_hyperparameter_optimization"
  },
  "SWaT": {
    "accuracy": 0.846,
    "precision": 0.9016771488469602,
    "recall": 0.782,
    "f1_score": 0.8283100625902745,
    "fpr": 0.08600000000000001,
    "ece": 0.024786447629332537,
    "optimization_applied": true,
    "optimal_params": {
      "lambda_diversity": 0.1,
      "lambda_uncertainty": 0.1,
      "learning_rate": 0.001,
      "threshold": 0.5
    },
    "improvement_method": "threshold_and_hyperparameter_optimization"
  }
}