{
  "Random Forest": {
      "accuracy": 0.8884516456504754,
    "precision": 0.9832619771789457,
    "recall": 0.8505878113975918,
    "f1": 0.912125582377493,
    "auc": 0.9803406686811023,
    "fpr": 0.030857142857142857,
    "ece": 0.08767369934450735
  },
  "SVM": {
    "accuracy": 0.88153369719575,
    "precision": 0.9790810027898477,
    "recall": 0.8439765043027961,
    "f1": 0.9065225413340293,
    "auc": 0.9611608711740787,
    "fpr": 0.03842857142857143,
    "ece": 0.09436559246369838
  },
  "Logistic Regression": {
    "accuracy": 0.8729162032838869,
    "precision": 0.9587555774030099,
    "recall": 0.8498420492538189,
    "f1": 0.9010194336479733,
    "auc": 0.9644742721038273,
    "fpr": 0.07791071428571429,
    "ece": 0.113722197035801
  },
  "Ours (Bayesian Ensemble Transformer)": {
"accuracy": 0.8987914977101762,
    "precision": 0.9879917383159614,
    "recall": 0.8617742435541851,
    "f1": 0.920576809466693,
    "auc": 0.9813095700705182,
    "fpr": 0.022321428571428572,
    "ece": 0.0782146865432192  
  }
}