{
  "nsl_kdd": {
    "Random Forest": {
      "accuracy": 0.7707594038325053,
      "precision": 0.9661841625106434,
      "recall": 0.6189511415880932,
      "f1": 0.7545359551629144,
      "auc": 0.9620362096635146,
      "fpr": 0.02862732983214911,
      "ece": 0.18178223748690392
    },
    "SVM": {
      "accuracy": 0.7755943931866572,
      "precision": 0.9642857142857143,
      "recall": 0.6290812748383074,
      "f1": 0.7614241924074511,
      "auc": 0.8270428979683828,
      "fpr": 0.030789825970548863,
      "ece": 0.1902868680481791
    },
    "Logistic Regression": {
      "accuracy": 0.7544801277501775,
      "precision": 0.9253905339239916,
      "recall": 0.6185615210784696,
      "f1": 0.7414880201765448,
      "auc": 0.8716197090700325,
      "fpr": 0.06590464421789723,
      "ece": 0.19778759992660358
    },
    "Ours (Bayesian Ensemble Transformer)": {
      "accuracy": 0.7847764371894961,
      "precision": 0.9757958745677835,
      "recall": 0.637730850151952,
      "f1": 0.7713477851083883,
      "auc": 0.9588965448055201,
      "fpr": 0.02090412933786428,
      "ece": 0.20458295061359594
    }
  },
  "cicids2017": {
    "Random Forest": {
      "accuracy": 0.998475,
      "precision": 0.997782090379817,
      "recall": 0.985487404162103,
      "f1": 0.9915966386554622,
      "auc": 0.999566538008934,
      "fpr": 0.00022009464069549907,
      "ece": 0.0014659032942436199
    },
    "SVM": {
      "accuracy": 0.9932,
      "precision": 0.9765933446136492,
      "recall": 0.9482475355969332,
      "f1": 0.9622117254792998,
      "auc": 0.9972425040357715,
      "fpr": 0.002283481897215803,
      "ece": 0.002325132263148424
    },
    "Logistic Regression": {
      "accuracy": 0.981525,
      "precision": 0.9282563951778888,
      "recall": 0.8644578313253012,
      "f1": 0.8952218913937332,
      "auc": 0.9952612304013616,
      "fpr": 0.006712886541212722,
      "ece": 0.016388763186616244
    },
    "Ours (Bayesian Ensemble Transformer)": {
      "accuracy": 0.999775,
      "precision": 1.0,
      "recall": 0.9975355969331873,
      "f1": 0.9987662782727896,
      "auc": 0.9997199812485633,
      "fpr": 0.0,
      "ece": 0.0003074999999999922
    }
  },
  "unsw_nb15": {
    "Random Forest": {
      "accuracy": 0.8884516456504754,
      "precision": 0.9832619771789457,
      "recall": 0.8505878113975918,
      "f1": 0.912125582377493,
      "auc": 0.9803406686811023,
      "fpr": 0.030857142857142857,
      "ece": 0.08767369934450735
    },
    "SVM": {
      "accuracy": 0.88153369719575,
      "precision": 0.9790810027898477,
      "recall": 0.8439765043027961,
      "f1": 0.9065225413340293,
      "auc": 0.9611608711740787,
      "fpr": 0.03842857142857143,
      "ece": 0.09436559246369838
    },
    "Logistic Regression": {
      "accuracy": 0.8729162032838869,
      "precision": 0.9587555774030099,
      "recall": 0.8498420492538189,
      "f1": 0.9010194336479733,
      "auc": 0.9644742721038273,
      "fpr": 0.07791071428571429,
      "ece": 0.113722197035801
    },
    "Ours (Bayesian Ensemble Transformer)": {
      "accuracy": 0.8987914977101762,
      "precision": 0.9879917383159614,
      "recall": 0.8617742435541851,
      "f1": 0.920576809466693,
      "auc": 0.9813095700705182,
      "fpr": 0.022321428571428572,
      "ece": 0.0782146865432192
    }
  }
}