{
  "Random Forest": {
    "accuracy": 0.999775,
    "precision": 1.0,
    "recall": 0.9975355969331873,
    "f1": 0.9987662782727896,
    "auc": 0.9997199812485633,
    "fpr": 0.0,
    "ece": 0.0003074999999999922
  },
  "SVM": {
    "accuracy": 0.9932,
    "precision": 0.9765933446136492,
    "recall": 0.9482475355969332,
    "f1": 0.9622117254792998,
    "auc": 0.9972425040357715,
    "fpr": 0.002283481897215803,
    "ece": 0.002325132263148424
  },
  "Logistic Regression": {
    "accuracy": 0.981525,
    "precision": 0.9282563951778888,
    "recall": 0.8644578313253012,
    "f1": 0.8952218913937332,
    "auc": 0.9952612304013616,
    "fpr": 0.006712886541212722,
    "ece": 0.016388763186616244
  },
  "Ours (Bayesian Ensemble Transformer)": {
    "accuracy": 0.998475,
    "precision": 0.997782090379817,
    "recall": 0.985487404162103,
    "f1": 0.9915966386554622,
    "auc": 0.999566538008934,
    "fpr": 0.00022009464069549907,
    "ece": 0.0014659032942436199
  }
}