{
  "Random Forest": {
    "accuracy": 0.7707594038325053,
    "precision": 0.9661841625106434,
    "recall": 0.6189511415880932,
    "f1": 0.7545359551629144,
    "auc": 0.9620362096635146,
    "fpr": 0.02862732983214911,
    "ece": 0.18178223748690392
  },
  "SVM": {
    "accuracy": 0.7755943931866572,
    "precision": 0.9642857142857143,
    "recall": 0.6290812748383074,
    "f1": 0.7614241924074511,
    "auc": 0.8270428979683828,
    "fpr": 0.030789825970548863,
    "ece": 0.1902868680481791
  },
  "Logistic Regression": {
    "accuracy": 0.7544801277501775,
    "precision": 0.9253905339239916,
    "recall": 0.6185615210784696,
    "f1": 0.7414880201765448,
    "auc": 0.8716197090700325,
    "fpr": 0.06590464421789723,
    "ece": 0.19778759992660358
  },
  "Ours (Bayesian Ensemble Transformer)": {
    "accuracy": 0.7847764371894961,
    "precision": 0.9757958745677835,
    "recall": 0.637730850151952,
    "f1": 0.7713477851083883,
    "auc": 0.9588965448055201,
    "fpr": 0.02090412933786428,
    "ece": 0.20458295061359594
  }
}